column,row,orientation,sonar_name,sonar_range_begin_val,probability
0,0,S,L,7.0,0.00877
0,0,S,L,8.0,0.00439
0,0,S,L,9.0,0.00877
0,0,S,L,10.0,0.03509
0,0,S,L,11.0,0.08333
0,0,S,L,12.0,0.05263
0,0,S,L,13.0,0.01316
0,0,S,L,14.0,0.00439
0,0,S,L,15.0,0.00439
0,0,S,L,17.0,0.00877
0,0,S,L,18.0,0.07895
0,0,S,L,19.0,0.34649
0,0,S,L,20.0,0.32018
0,0,S,L,21.0,0.01316
0,0,S,L,22.0,0.01754
0,0,S,R,5.0,0.00439
0,0,S,R,6.0,0.00877
0,0,S,R,7.0,0.05263
0,0,S,R,8.0,0.02193
0,0,S,R,9.0,0.01754
0,0,S,R,10.0,0.01316
0,0,S,R,11.0,0.07895
0,0,S,R,12.0,0.06579
0,0,S,R,13.0,0.03947
0,0,S,R,14.0,0.01754
0,0,S,R,16.0,0.01316
0,0,S,R,17.0,0.00439
0,0,S,R,18.0,0.17982
0,0,S,R,19.0,0.25877
0,0,S,R,20.0,0.16667
0,0,S,R,21.0,0.02193
0,0,S,R,22.0,0.01316
0,0,S,R,23.0,0.00439
0,0,S,R,24.0,0.00877
0,0,S,R,26.0,0.00439
0,0,S,R,29.0,0.00439
0,0,R,L,9.0,0.01325
0,0,R,L,10.0,0.04636
0,0,R,L,11.0,0.28477
0,0,R,L,12.0,0.22517
0,0,R,L,13.0,0.18543
0,0,R,L,14.0,0.13907
0,0,R,L,15.0,0.02649
0,0,R,L,16.0,0.01987
0,0,R,L,17.0,0.01987
0,0,R,L,18.0,0.01987
0,0,R,L,19.0,0.00662
0,0,R,L,20.0,0.01325
0,0,R,R,6.0,0.01987
0,0,R,R,7.0,0.11921
0,0,R,R,8.0,0.11921
0,0,R,R,9.0,0.17881
0,0,R,R,10.0,0.16556
0,0,R,R,11.0,0.15232
0,0,R,R,12.0,0.16556
0,0,R,R,13.0,0.05298
0,0,R,R,14.0,0.02649
0,0,L,L,11.0,0.00478
0,0,L,L,12.0,0.10048
0,0,L,L,13.0,0.02871
0,0,L,L,14.0,0.01914
0,0,L,L,15.0,0.01914
0,0,L,L,16.0,0.01914
0,0,L,L,17.0,0.00478
0,0,L,L,18.0,0.09091
0,0,L,L,19.0,0.10048
0,0,L,L,20.0,0.21053
0,0,L,L,21.0,0.0622
0,0,L,L,22.0,0.03828
0,0,L,L,23.0,0.01914
0,0,L,L,24.0,0.02392
0,0,L,L,25.0,0.02392
0,0,L,L,26.0,0.00478
0,0,L,L,27.0,0.0622
0,0,L,L,28.0,0.0622
0,0,L,L,29.0,0.05263
0,0,L,L,30.0,0.01435
0,0,L,L,31.0,0.00957
0,0,L,L,32.0,0.00478
0,0,L,L,33.0,0.00478
0,0,L,L,53.0,0.00478
0,0,L,L,60.0,0.00478
0,0,L,L,67.0,0.00478
0,0,L,L,73.0,0.00478
0,0,L,R,4.0,0.00957
0,0,L,R,5.0,0.08134
0,0,L,R,6.0,0.16268
0,0,L,R,7.0,0.34928
0,0,L,R,8.0,0.0622
0,0,L,R,9.0,0.04785
0,0,L,R,10.0,0.04785
0,0,L,R,11.0,0.08134
0,0,L,R,12.0,0.03349
0,0,L,R,13.0,0.01914
0,0,L,R,14.0,0.00957
0,0,L,R,15.0,0.00957
0,0,L,R,16.0,0.00957
0,0,L,R,18.0,0.01914
0,0,L,R,19.0,0.01914
0,0,L,R,20.0,0.02392
0,0,L,R,21.0,0.00478
0,0,L,R,25.0,0.00478
0,0,L,R,27.0,0.00478
0,1,S,L,7.0,0.02193
0,1,S,L,8.0,0.04825
0,1,S,L,9.0,0.03947
0,1,S,L,10.0,0.01754
0,1,S,L,11.0,0.08772
0,1,S,L,12.0,0.04825
0,1,S,L,13.0,0.00877
0,1,S,L,14.0,0.00877
0,1,S,L,15.0,0.00439
0,1,S,L,16.0,0.03947
0,1,S,L,17.0,0.14912
0,1,S,L,18.0,0.50877
0,1,S,L,19.0,0.01316
0,1,S,L,20.0,0.00439
0,1,S,R,3.0,0.00439
0,1,S,R,4.0,0.01754
0,1,S,R,5.0,0.03509
0,1,S,R,6.0,0.02193
0,1,S,R,7.0,0.00439
0,1,S,R,8.0,0.00877
0,1,S,R,9.0,0.01754
0,1,S,R,10.0,0.00877
0,1,S,R,11.0,0.0307
0,1,S,R,12.0,0.05263
0,1,S,R,13.0,0.03947
0,1,S,R,14.0,0.02193
0,1,S,R,15.0,0.01754
0,1,S,R,16.0,0.04825
0,1,S,R,17.0,0.26754
0,1,S,R,18.0,0.37281
0,1,S,R,19.0,0.02193
0,1,S,R,20.0,0.00439
0,1,S,R,22.0,0.00439
0,1,R,L,11.0,0.02469
0,1,R,L,12.0,0.40741
0,1,R,L,13.0,0.24074
0,1,R,L,14.0,0.17284
0,1,R,L,15.0,0.05556
0,1,R,L,16.0,0.01852
0,1,R,L,17.0,0.01852
0,1,R,L,18.0,0.03704
0,1,R,L,19.0,0.01235
0,1,R,L,21.0,0.01235
0,1,R,R,6.0,0.01235
0,1,R,R,7.0,0.04938
0,1,R,R,8.0,0.03086
0,1,R,R,9.0,0.03704
0,1,R,R,10.0,0.10494
0,1,R,R,11.0,0.29012
0,1,R,R,12.0,0.23457
0,1,R,R,13.0,0.12963
0,1,R,R,14.0,0.04938
0,1,R,R,15.0,0.01235
0,1,R,R,16.0,0.00617
0,1,R,R,18.0,0.03086
0,1,R,R,19.0,0.01235
0,1,L,L,8.0,0.03349
0,1,L,L,9.0,0.05263
0,1,L,L,10.0,0.10048
0,1,L,L,11.0,0.27751
0,1,L,L,12.0,0.1244
0,1,L,L,13.0,0.05742
0,1,L,L,14.0,0.01914
0,1,L,L,15.0,0.01914
0,1,L,L,16.0,0.01435
0,1,L,L,17.0,0.00478
0,1,L,L,18.0,0.04306
0,1,L,L,19.0,0.03349
0,1,L,L,20.0,0.03828
0,1,L,L,21.0,0.02392
0,1,L,L,22.0,0.03349
0,1,L,L,23.0,0.02392
0,1,L,L,24.0,0.01914
0,1,L,L,25.0,0.01914
0,1,L,L,26.0,0.00478
0,1,L,L,27.0,0.00957
0,1,L,L,28.0,0.00478
0,1,L,L,29.0,0.01435
0,1,L,L,30.0,0.00478
0,1,L,L,34.0,0.00478
0,1,L,L,44.0,0.00957
0,1,L,L,50.0,0.00478
0,1,L,L,67.0,0.00478
0,1,L,R,4.0,0.11005
0,1,L,R,5.0,0.09091
0,1,L,R,6.0,0.11483
0,1,L,R,7.0,0.26316
0,1,L,R,8.0,0.16746
0,1,L,R,9.0,0.09569
0,1,L,R,10.0,0.03828
0,1,L,R,11.0,0.03828
0,1,L,R,12.0,0.01435
0,1,L,R,13.0,0.00478
0,1,L,R,14.0,0.01914
0,1,L,R,15.0,0.00478
0,1,L,R,16.0,0.00478
0,1,L,R,18.0,0.01435
0,1,L,R,19.0,0.00478
0,1,L,R,23.0,0.00478
0,1,L,R,56.0,0.00478
0,1,L,R,27.0,0.00478
0,2,S,L,4.0,0.00439
0,2,S,L,5.0,0.00439
0,2,S,L,6.0,0.01316
0,2,S,L,7.0,0.02632
0,2,S,L,8.0,0.00439
0,2,S,L,9.0,0.01316
0,2,S,L,10.0,0.03947
0,2,S,L,11.0,0.07895
0,2,S,L,12.0,0.09211
0,2,S,L,13.0,0.02632
0,2,S,L,14.0,0.18421
0,2,S,L,15.0,0.25439
0,2,S,L,16.0,0.21491
0,2,S,L,17.0,0.0307
0,2,S,L,18.0,0.01316
0,2,S,R,2.0,0.01316
0,2,S,R,3.0,0.0614
0,2,S,R,4.0,0.00877
0,2,S,R,10.0,0.00439
0,2,S,R,11.0,0.07018
0,2,S,R,12.0,0.06579
0,2,S,R,13.0,0.01316
0,2,S,R,14.0,0.11404
0,2,S,R,15.0,0.33333
0,2,S,R,16.0,0.15351
0,2,S,R,17.0,0.07018
0,2,S,R,18.0,0.07895
0,2,S,R,19.0,0.00877
0,2,S,R,20.0,0.00439
0,2,R,L,9.0,0.02339
0,2,R,L,10.0,0.06433
0,2,R,L,11.0,0.06433
0,2,R,L,12.0,0.32164
0,2,R,L,13.0,0.22807
0,2,R,L,14.0,0.16374
0,2,R,L,15.0,0.04094
0,2,R,L,16.0,0.05263
0,2,R,L,17.0,0.00585
0,2,R,L,18.0,0.02924
0,2,R,L,19.0,0.00585
0,2,R,R,34.0,0.00585
0,2,R,R,6.0,0.00585
0,2,R,R,7.0,0.01754
0,2,R,R,8.0,0.04678
0,2,R,R,9.0,0.04094
0,2,R,R,10.0,0.07602
0,2,R,R,11.0,0.19298
0,2,R,R,12.0,0.28655
0,2,R,R,13.0,0.11696
0,2,R,R,14.0,0.07602
0,2,R,R,15.0,0.05263
0,2,R,R,16.0,0.01754
0,2,R,R,18.0,0.02339
0,2,R,R,19.0,0.01754
0,2,R,R,20.0,0.0117
0,2,R,R,22.0,0.0117
0,2,L,L,7.0,0.05742
0,2,L,L,8.0,0.17225
0,2,L,L,9.0,0.16746
0,2,L,L,10.0,0.13876
0,2,L,L,11.0,0.28708
0,2,L,L,12.0,0.07177
0,2,L,L,13.0,0.01914
0,2,L,L,15.0,0.00478
0,2,L,L,16.0,0.00478
0,2,L,L,17.0,0.00957
0,2,L,L,18.0,0.02392
0,2,L,L,19.0,0.00957
0,2,L,L,20.0,0.00957
0,2,L,L,24.0,0.00478
0,2,L,L,27.0,0.00957
0,2,L,L,29.0,0.00478
0,2,L,L,30.0,0.00478
0,2,L,R,33.0,0.00478
0,2,L,R,3.0,0.09569
0,2,L,R,4.0,0.31579
0,2,L,R,5.0,0.15311
0,2,L,R,6.0,0.09091
0,2,L,R,7.0,0.17225
0,2,L,R,8.0,0.09569
0,2,L,R,9.0,0.03828
0,2,L,R,10.0,0.00478
0,2,L,R,11.0,0.00478
0,2,L,R,14.0,0.00957
0,2,L,R,16.0,0.00478
0,2,L,R,18.0,0.00478
0,2,L,R,42.0,0.00478
0,3,S,L,3.0,0.00877
0,3,S,L,6.0,0.00439
0,3,S,L,7.0,0.00439
0,3,S,L,8.0,0.01754
0,3,S,L,9.0,0.02632
0,3,S,L,10.0,0.03509
0,3,S,L,11.0,0.07895
0,3,S,L,12.0,0.21053
0,3,S,L,13.0,0.35965
0,3,S,L,14.0,0.21053
0,3,S,L,15.0,0.0307
0,3,S,L,16.0,0.00439
0,3,S,L,17.0,0.00439
0,3,S,L,18.0,0.00439
0,3,S,R,2.0,0.01316
0,3,S,R,9.0,0.00877
0,3,S,R,10.0,0.0307
0,3,S,R,11.0,0.12281
0,3,S,R,12.0,0.29386
0,3,S,R,13.0,0.22807
0,3,S,R,14.0,0.21491
0,3,S,R,15.0,0.01754
0,3,S,R,16.0,0.01316
0,3,S,R,17.0,0.02193
0,3,S,R,18.0,0.03509
0,3,R,L,9.0,0.01042
0,3,R,L,10.0,0.03125
0,3,R,L,11.0,0.09375
0,3,R,L,12.0,0.39063
0,3,R,L,13.0,0.21354
0,3,R,L,14.0,0.13542
0,3,R,L,15.0,0.01042
0,3,R,L,16.0,0.04167
0,3,R,L,17.0,0.02604
0,3,R,L,18.0,0.03125
0,3,R,L,19.0,0.00521
0,3,R,L,20.0,0.00521
0,3,R,L,21.0,0.00521
0,3,R,R,5.0,0.02083
0,3,R,R,6.0,0.06771
0,3,R,R,7.0,0.08854
0,3,R,R,8.0,0.05729
0,3,R,R,9.0,0.03646
0,3,R,R,10.0,0.08854
0,3,R,R,11.0,0.26042
0,3,R,R,12.0,0.24479
0,3,R,R,13.0,0.09896
0,3,R,R,14.0,0.03125
0,3,R,R,15.0,0.00521
0,3,L,L,3.0,0.00957
0,3,L,L,4.0,0.03828
0,3,L,L,5.0,0.01914
0,3,L,L,6.0,0.02392
0,3,L,L,7.0,0.2488
0,3,L,L,8.0,0.21053
0,3,L,L,9.0,0.13397
0,3,L,L,10.0,0.07656
0,3,L,L,11.0,0.1244
0,3,L,L,12.0,0.03349
0,3,L,L,13.0,0.00478
0,3,L,L,14.0,0.02871
0,3,L,L,16.0,0.00478
0,3,L,L,18.0,0.01914
0,3,L,L,19.0,0.00478
0,3,L,L,20.0,0.00957
0,3,L,L,22.0,0.00478
0,3,L,L,29.0,0.00478
0,3,L,R,3.0,0.32057
0,3,L,R,4.0,0.26794
0,3,L,R,5.0,0.16746
0,3,L,R,6.0,0.12919
0,3,L,R,7.0,0.08134
0,3,L,R,8.0,0.01435
0,3,L,R,9.0,0.01435
0,3,L,R,11.0,0.00478
0,4,S,L,7.0,0.03947
0,4,S,L,8.0,0.03947
0,4,S,L,9.0,0.03947
0,4,S,L,10.0,0.07456
0,4,S,L,11.0,0.39912
0,4,S,L,12.0,0.32018
0,4,S,L,13.0,0.03509
0,4,S,L,14.0,0.04386
0,4,S,L,15.0,0.00877
0,4,S,R,7.0,0.0614
0,4,S,R,8.0,0.13596
0,4,S,R,9.0,0.13596
0,4,S,R,10.0,0.16667
0,4,S,R,11.0,0.26316
0,4,S,R,12.0,0.14035
0,4,S,R,13.0,0.05702
0,4,S,R,14.0,0.01316
0,4,S,R,15.0,0.00877
0,4,S,R,16.0,0.00439
0,4,S,R,17.0,0.00877
0,4,S,R,19.0,0.00439
0,4,R,L,9.0,0.01435
0,4,R,L,10.0,0.07656
0,4,R,L,11.0,0.3445
0,4,R,L,12.0,0.18182
0,4,R,L,13.0,0.20574
0,4,R,L,14.0,0.08612
0,4,R,L,15.0,0.02392
0,4,R,L,16.0,0.03349
0,4,R,L,17.0,0.03349
0,4,R,R,5.0,0.00478
0,4,R,R,6.0,0.02392
0,4,R,R,7.0,0.10526
0,4,R,R,8.0,0.11483
0,4,R,R,9.0,0.10526
0,4,R,R,10.0,0.1244
0,4,R,R,11.0,0.26316
0,4,R,R,12.0,0.13876
0,4,R,R,13.0,0.09569
0,4,R,R,14.0,0.01914
0,4,R,R,17.0,0.00478
0,4,L,L,4.0,0.07656
0,4,L,L,5.0,0.09091
0,4,L,L,6.0,0.17225
0,4,L,L,7.0,0.16746
0,4,L,L,8.0,0.14354
0,4,L,L,9.0,0.08134
0,4,L,L,10.0,0.09091
0,4,L,L,11.0,0.10526
0,4,L,L,12.0,0.01914
0,4,L,L,14.0,0.00957
0,4,L,L,15.0,0.00957
0,4,L,L,17.0,0.00478
0,4,L,L,18.0,0.00478
0,4,L,L,19.0,0.00957
0,4,L,L,20.0,0.00478
0,4,L,L,21.0,0.00478
0,4,L,L,26.0,0.00478
0,4,L,R,2.0,0.00957
0,4,L,R,3.0,0.45455
0,4,L,R,4.0,0.27273
0,4,L,R,5.0,0.07656
0,4,L,R,6.0,0.05742
0,4,L,R,7.0,0.09091
0,4,L,R,8.0,0.01435
0,4,L,R,9.0,0.00957
0,4,L,R,10.0,0.00957
0,4,L,R,11.0,0.00478
0,5,S,L,6.0,0.00877
0,5,S,L,7.0,0.11404
0,5,S,L,8.0,0.15789
0,5,S,L,9.0,0.26316
0,5,S,L,10.0,0.19737
0,5,S,L,11.0,0.16667
0,5,S,L,12.0,0.04386
0,5,S,L,13.0,0.01754
0,5,S,L,14.0,0.02632
0,5,S,L,17.0,0.00439
0,5,S,R,4.0,0.00439
0,5,S,R,5.0,0.10965
0,5,S,R,6.0,0.12719
0,5,S,R,7.0,0.27632
0,5,S,R,8.0,0.14474
0,5,S,R,9.0,0.10965
0,5,S,R,10.0,0.06579
0,5,S,R,11.0,0.11404
0,5,S,R,12.0,0.04386
0,5,S,R,13.0,0.00439
0,5,R,L,3.0,0.00478
0,5,R,L,4.0,0.05263
0,5,R,L,5.0,0.02392
0,5,R,L,6.0,0.00957
0,5,R,L,8.0,0.02392
0,5,R,L,9.0,0.0622
0,5,R,L,10.0,0.06699
0,5,R,L,11.0,0.19139
0,5,R,L,12.0,0.45455
0,5,R,L,13.0,0.09569
0,5,R,L,14.0,0.01435
0,5,R,R,5.0,0.00478
0,5,R,R,6.0,0.03828
0,5,R,R,7.0,0.14833
0,5,R,R,8.0,0.07177
0,5,R,R,9.0,0.05742
0,5,R,R,10.0,0.10526
0,5,R,R,11.0,0.22967
0,5,R,R,12.0,0.2488
0,5,R,R,13.0,0.07656
0,5,R,R,14.0,0.00478
0,5,R,R,15.0,0.00478
0,5,R,R,18.0,0.00478
0,5,R,R,21.0,0.00478
0,5,L,L,4.0,0.04306
0,5,L,L,5.0,0.06699
0,5,L,L,6.0,0.11962
0,5,L,L,7.0,0.37321
0,5,L,L,8.0,0.17225
0,5,L,L,9.0,0.1244
0,5,L,L,10.0,0.07177
0,5,L,L,11.0,0.01435
0,5,L,L,12.0,0.00957
0,5,L,L,16.0,0.00478
0,5,L,R,3.0,0.35885
0,5,L,R,4.0,0.2823
0,5,L,R,5.0,0.13876
0,5,L,R,6.0,0.09569
0,5,L,R,7.0,0.05263
0,5,L,R,8.0,0.02392
0,5,L,R,9.0,0.01435
0,5,L,R,10.0,0.02392
0,5,L,R,11.0,0.00957
0,6,S,L,4.0,0.01754
0,6,S,L,5.0,0.06579
0,6,S,L,6.0,0.07018
0,6,S,L,7.0,0.39474
0,6,S,L,8.0,0.17982
0,6,S,L,9.0,0.13158
0,6,S,L,10.0,0.04825
0,6,S,L,11.0,0.06579
0,6,S,L,12.0,0.01316
0,6,S,L,13.0,0.00439
0,6,S,L,15.0,0.00439
0,6,S,L,18.0,0.00439
0,6,S,R,3.0,0.12719
0,6,S,R,4.0,0.25877
0,6,S,R,5.0,0.17544
0,6,S,R,6.0,0.18421
0,6,S,R,7.0,0.21053
0,6,S,R,8.0,0.00877
0,6,S,R,9.0,0.02632
0,6,S,R,13.0,0.00439
0,6,S,R,14.0,0.00439
0,6,R,L,0.0,0.00478
0,6,R,L,7.0,0.01435
0,6,R,L,8.0,0.03828
0,6,R,L,9.0,0.02392
0,6,R,L,10.0,0.06699
0,6,R,L,11.0,0.37321
0,6,R,L,12.0,0.25359
0,6,R,L,13.0,0.16268
0,6,R,L,14.0,0.02871
0,6,R,L,15.0,0.01914
0,6,R,L,16.0,0.00478
0,6,R,L,17.0,0.00478
0,6,R,L,19.0,0.00478
0,6,R,R,0.0,0.00478
0,6,R,R,3.0,0.04785
0,6,R,R,196.0,0.00478
0,6,R,R,7.0,0.05263
0,6,R,R,8.0,0.14833
0,6,R,R,9.0,0.1244
0,6,R,R,10.0,0.07656
0,6,R,R,11.0,0.2488
0,6,R,R,12.0,0.22967
0,6,R,R,13.0,0.03828
0,6,R,R,14.0,0.01435
0,6,R,R,18.0,0.00478
0,6,R,R,4.0,0.00478
0,6,L,L,4.0,0.02871
0,6,L,L,5.0,0.00478
0,6,L,L,6.0,0.01435
0,6,L,L,7.0,0.35407
0,6,L,L,8.0,0.21531
0,6,L,L,9.0,0.14833
0,6,L,L,10.0,0.09569
0,6,L,L,11.0,0.08134
0,6,L,L,12.0,0.03828
0,6,L,L,13.0,0.00478
0,6,L,L,14.0,0.00478
0,6,L,L,18.0,0.00957
0,6,L,R,2.0,0.08134
0,6,L,R,3.0,0.28708
0,6,L,R,4.0,0.18182
0,6,L,R,5.0,0.15311
0,6,L,R,6.0,0.16746
0,6,L,R,7.0,0.1244
0,6,L,R,11.0,0.00478
0,7,S,L,2.0,0.00439
0,7,S,L,3.0,0.38596
0,7,S,L,4.0,0.14035
0,7,S,L,5.0,0.13158
0,7,S,L,6.0,0.10526
0,7,S,L,7.0,0.13158
0,7,S,L,8.0,0.03509
0,7,S,L,9.0,0.0307
0,7,S,L,10.0,0.01754
0,7,S,L,11.0,0.01316
0,7,S,L,12.0,0.00439
0,7,S,R,2.0,0.0307
0,7,S,R,3.0,0.57018
0,7,S,R,4.0,0.10088
0,7,S,R,5.0,0.10088
0,7,S,R,6.0,0.11404
0,7,S,R,7.0,0.05263
0,7,S,R,8.0,0.01754
0,7,S,R,9.0,0.00877
0,7,S,R,11.0,0.00439
0,7,R,L,7.0,0.00478
0,7,R,L,8.0,0.01914
0,7,R,L,9.0,0.03828
0,7,R,L,10.0,0.0622
0,7,R,L,11.0,0.21053
0,7,R,L,12.0,0.39713
0,7,R,L,13.0,0.15789
0,7,R,L,14.0,0.0622
0,7,R,L,15.0,0.02871
0,7,R,L,16.0,0.01914
0,7,R,R,7.0,0.00478
0,7,R,R,8.0,0.00957
0,7,R,R,9.0,0.03349
0,7,R,R,10.0,0.06699
0,7,R,R,11.0,0.34928
0,7,R,R,12.0,0.35407
0,7,R,R,13.0,0.1244
0,7,R,R,14.0,0.03828
0,7,R,R,15.0,0.00957
0,7,R,R,18.0,0.00957
0,7,L,L,6.0,0.01914
0,7,L,L,7.0,0.27273
0,7,L,L,8.0,0.26316
0,7,L,L,9.0,0.14833
0,7,L,L,10.0,0.1244
0,7,L,L,11.0,0.10048
0,7,L,L,12.0,0.01914
0,7,L,L,13.0,0.02871
0,7,L,L,14.0,0.00957
0,7,L,L,15.0,0.00478
0,7,L,L,18.0,0.00957
0,7,L,R,2.0,0.07656
0,7,L,R,3.0,0.39713
0,7,L,R,4.0,0.28708
0,7,L,R,5.0,0.14833
0,7,L,R,6.0,0.06699
0,7,L,R,7.0,0.02392
1,0,S,L,8.0,0.02841
1,0,S,L,9.0,0.02841
1,0,S,L,10.0,0.02273
1,0,S,L,11.0,0.02841
1,0,S,L,12.0,0.08523
1,0,S,L,13.0,0.02273
1,0,S,L,14.0,0.00568
1,0,S,L,16.0,0.00568
1,0,S,L,18.0,0.30114
1,0,S,L,19.0,0.27841
1,0,S,L,20.0,0.14773
1,0,S,L,21.0,0.01705
1,0,S,L,22.0,0.02273
1,0,S,L,55.0,0.00568
1,0,S,R,6.0,0.00568
1,0,S,R,7.0,0.04545
1,0,S,R,8.0,0.05114
1,0,S,R,9.0,0.04545
1,0,S,R,10.0,0.07955
1,0,S,R,11.0,0.11364
1,0,S,R,12.0,0.0625
1,0,S,R,13.0,0.01136
1,0,S,R,16.0,0.00568
1,0,S,R,17.0,0.10227
1,0,S,R,18.0,0.17614
1,0,S,R,19.0,0.18182
1,0,S,R,20.0,0.11364
1,0,S,R,29.0,0.00568
1,0,R,L,7.0,0.08553
1,0,R,L,8.0,0.11842
1,0,R,L,9.0,0.11842
1,0,R,L,10.0,0.14474
1,0,R,L,11.0,0.21053
1,0,R,L,12.0,0.20395
1,0,R,L,13.0,0.05921
1,0,R,L,14.0,0.02632
1,0,R,L,15.0,0.01316
1,0,R,L,18.0,0.01316
1,0,R,L,20.0,0.00658
1,0,R,R,4.0,0.03947
1,0,R,R,5.0,0.09868
1,0,R,R,6.0,0.15132
1,0,R,R,7.0,0.31579
1,0,R,R,8.0,0.13816
1,0,R,R,9.0,0.08553
1,0,R,R,10.0,0.05263
1,0,R,R,11.0,0.07895
1,0,R,R,12.0,0.01974
1,0,R,R,14.0,0.00658
1,0,R,R,15.0,0.00658
1,0,R,R,18.0,0.00658
1,0,L,L,10.0,0.01435
1,0,L,L,11.0,0.03828
1,0,L,L,12.0,0.05742
1,0,L,L,13.0,0.08134
1,0,L,L,14.0,0.02871
1,0,L,L,15.0,0.02392
1,0,L,L,16.0,0.00957
1,0,L,L,17.0,0.00478
1,0,L,L,18.0,0.08134
1,0,L,L,19.0,0.11962
1,0,L,L,20.0,0.11962
1,0,L,L,21.0,0.04785
1,0,L,L,22.0,0.07177
1,0,L,L,23.0,0.04306
1,0,L,L,24.0,0.03349
1,0,L,L,25.0,0.03828
1,0,L,L,26.0,0.01435
1,0,L,L,27.0,0.01435
1,0,L,L,28.0,0.00957
1,0,L,L,29.0,0.03349
1,0,L,L,30.0,0.04785
1,0,L,L,31.0,0.04306
1,0,L,L,32.0,0.00957
1,0,L,L,48.0,0.00478
1,0,L,L,59.0,0.00478
1,0,L,L,73.0,0.00478
1,0,L,R,32.0,0.00478
1,0,L,R,7.0,0.19617
1,0,L,R,8.0,0.22967
1,0,L,R,9.0,0.11962
1,0,L,R,10.0,0.08612
1,0,L,R,11.0,0.14354
1,0,L,R,12.0,0.08134
1,0,L,R,13.0,0.03828
1,0,L,R,14.0,0.02392
1,0,L,R,15.0,0.03349
1,0,L,R,18.0,0.00478
1,0,L,R,20.0,0.01914
1,0,L,R,22.0,0.00478
1,0,L,R,23.0,0.01435
1,1,S,L,6.0,0.00957
1,1,S,L,7.0,0.04785
1,1,S,L,8.0,0.01435
1,1,S,L,9.0,0.01435
1,1,S,L,11.0,0.02392
1,1,S,L,12.0,0.03828
1,1,S,L,13.0,0.02392
1,1,S,L,14.0,0.02871
1,1,S,L,15.0,0.00957
1,1,S,L,16.0,0.18182
1,1,S,L,17.0,0.17703
1,1,S,L,18.0,0.32057
1,1,S,L,19.0,0.07177
1,1,S,L,20.0,0.02871
1,1,S,L,21.0,0.00957
1,1,S,R,5.0,0.00478
1,1,S,R,6.0,0.00957
1,1,S,R,7.0,0.01435
1,1,S,R,8.0,0.01435
1,1,S,R,9.0,0.04306
1,1,S,R,10.0,0.03349
1,1,S,R,11.0,0.05263
1,1,S,R,12.0,0.05742
1,1,S,R,13.0,0.01914
1,1,S,R,14.0,0.03828
1,1,S,R,15.0,0.03828
1,1,S,R,16.0,0.08612
1,1,S,R,17.0,0.1244
1,1,S,R,18.0,0.33971
1,1,S,R,19.0,0.05263
1,1,S,R,20.0,0.05263
1,1,S,R,24.0,0.00478
1,1,S,R,25.0,0.01435
1,1,R,L,7.0,0.03289
1,1,R,L,8.0,0.00658
1,1,R,L,9.0,0.03947
1,1,R,L,10.0,0.19737
1,1,R,L,11.0,0.40132
1,1,R,L,12.0,0.15789
1,1,R,L,13.0,0.02632
1,1,R,L,14.0,0.00658
1,1,R,L,15.0,0.00658
1,1,R,L,16.0,0.00658
1,1,R,L,17.0,0.00658
1,1,R,L,18.0,0.07895
1,1,R,L,19.0,0.01974
1,1,R,L,20.0,0.01316
1,1,R,R,4.0,0.07237
1,1,R,R,5.0,0.03947
1,1,R,R,6.0,0.03947
1,1,R,R,7.0,0.28947
1,1,R,R,8.0,0.17763
1,1,R,R,9.0,0.13816
1,1,R,R,10.0,0.10526
1,1,R,R,11.0,0.09868
1,1,R,R,12.0,0.01974
1,1,R,R,14.0,0.00658
1,1,R,R,16.0,0.00658
1,1,R,R,18.0,0.00658
1,1,L,L,8.0,0.00478
1,1,L,L,9.0,0.04306
1,1,L,L,10.0,0.03349
1,1,L,L,11.0,0.21531
1,1,L,L,12.0,0.19139
1,1,L,L,13.0,0.06699
1,1,L,L,14.0,0.02871
1,1,L,L,15.0,0.00957
1,1,L,L,16.0,0.01435
1,1,L,L,18.0,0.04306
1,1,L,L,19.0,0.01435
1,1,L,L,20.0,0.04785
1,1,L,L,21.0,0.01914
1,1,L,L,22.0,0.05742
1,1,L,L,23.0,0.02871
1,1,L,L,24.0,0.04306
1,1,L,L,25.0,0.04785
1,1,L,L,26.0,0.00957
1,1,L,L,27.0,0.01435
1,1,L,L,29.0,0.01435
1,1,L,L,30.0,0.01435
1,1,L,L,31.0,0.01914
1,1,L,L,33.0,0.00478
1,1,L,L,68.0,0.00478
1,1,L,L,77.0,0.00478
1,1,L,L,81.0,0.00478
1,1,L,R,4.0,0.00478
1,1,L,R,5.0,0.03828
1,1,L,R,6.0,0.08134
1,1,L,R,7.0,0.36842
1,1,L,R,8.0,0.14833
1,1,L,R,9.0,0.11962
1,1,L,R,10.0,0.03349
1,1,L,R,11.0,0.08134
1,1,L,R,12.0,0.05742
1,1,L,R,13.0,0.03349
1,1,L,R,14.0,0.01914
1,1,L,R,16.0,0.00478
1,1,L,R,17.0,0.00478
1,1,L,R,22.0,0.00478
1,2,S,L,8.0,0.00478
1,2,S,L,9.0,0.03349
1,2,S,L,10.0,0.07177
1,2,S,L,11.0,0.1866
1,2,S,L,12.0,0.15789
1,2,S,L,13.0,0.09091
1,2,S,L,14.0,0.16268
1,2,S,L,15.0,0.07177
1,2,S,L,16.0,0.14833
1,2,S,L,17.0,0.01914
1,2,S,L,18.0,0.03828
1,2,S,L,19.0,0.00957
1,2,S,L,22.0,0.00478
1,2,S,R,7.0,0.00957
1,2,S,R,8.0,0.05263
1,2,S,R,9.0,0.05742
1,2,S,R,10.0,0.0622
1,2,S,R,11.0,0.06699
1,2,S,R,12.0,0.05263
1,2,S,R,13.0,0.10048
1,2,S,R,14.0,0.21531
1,2,S,R,15.0,0.25837
1,2,S,R,16.0,0.09091
1,2,S,R,17.0,0.02392
1,2,S,R,18.0,0.00957
1,2,R,L,7.0,0.03509
1,2,R,L,8.0,0.08187
1,2,R,L,9.0,0.1462
1,2,R,L,10.0,0.21053
1,2,R,L,11.0,0.32164
1,2,R,L,12.0,0.18713
1,2,R,L,13.0,0.00585
1,2,R,L,15.0,0.00585
1,2,R,L,18.0,0.00585
1,2,R,R,5.0,0.0117
1,2,R,R,6.0,0.15205
1,2,R,R,7.0,0.22807
1,2,R,R,8.0,0.22807
1,2,R,R,9.0,0.10526
1,2,R,R,10.0,0.04094
1,2,R,R,11.0,0.17544
1,2,R,R,12.0,0.05263
1,2,R,R,14.0,0.00585
1,2,L,L,7.0,0.00957
1,2,L,L,8.0,0.03349
1,2,L,L,9.0,0.13397
1,2,L,L,10.0,0.12919
1,2,L,L,11.0,0.311
1,2,L,L,12.0,0.11483
1,2,L,L,13.0,0.03828
1,2,L,L,14.0,0.04306
1,2,L,L,15.0,0.00478
1,2,L,L,16.0,0.00957
1,2,L,L,18.0,0.02871
1,2,L,L,19.0,0.00478
1,2,L,L,20.0,0.00957
1,2,L,L,21.0,0.02392
1,2,L,L,22.0,0.02871
1,2,L,L,23.0,0.00957
1,2,L,L,24.0,0.01435
1,2,L,L,25.0,0.01435
1,2,L,L,27.0,0.00957
1,2,L,L,30.0,0.00957
1,2,L,L,31.0,0.00478
1,2,L,L,36.0,0.00478
1,2,L,L,55.0,0.00478
1,2,L,L,65.0,0.00478
1,2,L,R,3.0,0.02392
1,2,L,R,4.0,0.01435
1,2,L,R,5.0,0.09569
1,2,L,R,6.0,0.17703
1,2,L,R,7.0,0.44019
1,2,L,R,8.0,0.0622
1,2,L,R,9.0,0.09091
1,2,L,R,10.0,0.04306
1,2,L,R,11.0,0.04785
1,2,L,R,12.0,0.00478
1,3,S,L,10.0,0.00478
1,3,S,L,11.0,0.18182
1,3,S,L,12.0,0.311
1,3,S,L,13.0,0.1866
1,3,S,L,14.0,0.19139
1,3,S,L,15.0,0.08612
1,3,S,L,16.0,0.02871
1,3,S,L,17.0,0.00478
1,3,S,L,18.0,0.00478
1,3,S,R,5.0,0.00478
1,3,S,R,8.0,0.01914
1,3,S,R,9.0,0.08612
1,3,S,R,10.0,0.05263
1,3,S,R,11.0,0.14833
1,3,S,R,12.0,0.30622
1,3,S,R,13.0,0.11962
1,3,S,R,14.0,0.19139
1,3,S,R,15.0,0.04306
1,3,S,R,16.0,0.01914
1,3,S,R,18.0,0.00957
1,3,R,L,7.0,0.01579
1,3,R,L,8.0,0.02105
1,3,R,L,9.0,0.10526
1,3,R,L,10.0,0.13158
1,3,R,L,11.0,0.44211
1,3,R,L,12.0,0.17895
1,3,R,L,13.0,0.05263
1,3,R,L,14.0,0.01579
1,3,R,L,15.0,0.01579
1,3,R,L,16.0,0.00526
1,3,R,L,17.0,0.00526
1,3,R,L,18.0,0.00526
1,3,R,L,20.0,0.00526
1,3,R,R,3.0,0.08421
1,3,R,R,4.0,0.04211
1,3,R,R,5.0,0.05263
1,3,R,R,6.0,0.08947
1,3,R,R,7.0,0.31579
1,3,R,R,8.0,0.18421
1,3,R,R,9.0,0.13158
1,3,R,R,10.0,0.03158
1,3,R,R,11.0,0.04737
1,3,R,R,12.0,0.00526
1,3,R,R,13.0,0.00526
1,3,R,R,15.0,0.00526
1,3,R,R,16.0,0.00526
1,3,L,L,7.0,0.08612
1,3,L,L,8.0,0.12919
1,3,L,L,9.0,0.15311
1,3,L,L,10.0,0.13397
1,3,L,L,11.0,0.20574
1,3,L,L,12.0,0.12919
1,3,L,L,13.0,0.01914
1,3,L,L,14.0,0.02392
1,3,L,L,15.0,0.04785
1,3,L,L,16.0,0.00957
1,3,L,L,18.0,0.03828
1,3,L,L,19.0,0.00957
1,3,L,L,20.0,0.00957
1,3,L,L,29.0,0.00478
1,3,L,R,4.0,0.06699
1,3,L,R,5.0,0.13876
1,3,L,R,6.0,0.16746
1,3,L,R,7.0,0.29665
1,3,L,R,8.0,0.07656
1,3,L,R,9.0,0.09091
1,3,L,R,10.0,0.1244
1,3,L,R,11.0,0.03828
1,4,S,L,10.0,0.12919
1,4,S,L,11.0,0.38756
1,4,S,L,12.0,0.25837
1,4,S,L,13.0,0.15311
1,4,S,L,14.0,0.03828
1,4,S,L,15.0,0.02392
1,4,S,L,16.0,0.00478
1,4,S,L,18.0,0.00478
1,4,S,R,4.0,0.00478
1,4,S,R,5.0,0.02392
1,4,S,R,6.0,0.03349
1,4,S,R,7.0,0.05742
1,4,S,R,8.0,0.08134
1,4,S,R,9.0,0.15789
1,4,S,R,10.0,0.17703
1,4,S,R,11.0,0.18182
1,4,S,R,12.0,0.1866
1,4,S,R,13.0,0.03828
1,4,S,R,14.0,0.04785
1,4,S,R,15.0,0.00478
1,4,S,R,17.0,0.00478
1,4,R,L,7.0,0.16746
1,4,R,L,8.0,0.14833
1,4,R,L,9.0,0.17225
1,4,R,L,10.0,0.21531
1,4,R,L,11.0,0.21531
1,4,R,L,12.0,0.05263
1,4,R,L,13.0,0.00478
1,4,R,L,14.0,0.01435
1,4,R,L,15.0,0.00957
1,4,R,R,1.0,0.00478
1,4,R,R,4.0,0.05263
1,4,R,R,5.0,0.07177
1,4,R,R,6.0,0.20574
1,4,R,R,7.0,0.36364
1,4,R,R,8.0,0.15311
1,4,R,R,9.0,0.07656
1,4,R,R,10.0,0.02871
1,4,R,R,11.0,0.02392
1,4,R,R,12.0,0.00478
1,4,R,R,14.0,0.00957
1,4,R,R,16.0,0.00478
1,4,L,L,3.0,0.00478
1,4,L,L,4.0,0.03828
1,4,L,L,5.0,0.00957
1,4,L,L,7.0,0.03349
1,4,L,L,8.0,0.04785
1,4,L,L,9.0,0.11005
1,4,L,L,10.0,0.1244
1,4,L,L,11.0,0.44498
1,4,L,L,12.0,0.09569
1,4,L,L,13.0,0.01914
1,4,L,L,14.0,0.02392
1,4,L,L,15.0,0.01435
1,4,L,L,18.0,0.02392
1,4,L,L,20.0,0.00478
1,4,L,L,27.0,0.00478
1,4,L,R,3.0,0.05263
1,4,L,R,4.0,0.07177
1,4,L,R,5.0,0.1866
1,4,L,R,6.0,0.31579
1,4,L,R,7.0,0.2823
1,4,L,R,8.0,0.05742
1,4,L,R,9.0,0.01914
1,4,L,R,10.0,0.00478
1,4,L,R,11.0,0.00957
1,5,S,L,7.0,0.10526
1,5,S,L,8.0,0.17703
1,5,S,L,9.0,0.19617
1,5,S,L,10.0,0.1866
1,5,S,L,11.0,0.20574
1,5,S,L,12.0,0.05263
1,5,S,L,13.0,0.02392
1,5,S,L,14.0,0.04306
1,5,S,L,15.0,0.00478
1,5,S,L,18.0,0.00478
1,5,S,R,4.0,0.02871
1,5,S,R,5.0,0.06699
1,5,S,R,6.0,0.10048
1,5,S,R,7.0,0.3445
1,5,S,R,8.0,0.20574
1,5,S,R,9.0,0.09091
1,5,S,R,10.0,0.06699
1,5,S,R,11.0,0.03349
1,5,S,R,12.0,0.02392
1,5,S,R,13.0,0.01435
1,5,S,R,14.0,0.02392
1,5,R,L,2.0,0.02871
1,5,R,L,6.0,0.01435
1,5,R,L,7.0,0.10526
1,5,R,L,8.0,0.1244
1,5,R,L,9.0,0.15789
1,5,R,L,10.0,0.26316
1,5,R,L,11.0,0.27751
1,5,R,L,12.0,0.02392
1,5,R,L,13.0,0.00478
1,5,R,R,2.0,0.01435
1,5,R,R,3.0,0.01435
1,5,R,R,4.0,0.03349
1,5,R,R,5.0,0.04785
1,5,R,R,6.0,0.13397
1,5,R,R,7.0,0.36842
1,5,R,R,8.0,0.17225
1,5,R,R,9.0,0.11005
1,5,R,R,10.0,0.01914
1,5,R,R,11.0,0.08134
1,5,R,R,12.0,0.00478
1,5,L,L,7.0,0.09569
1,5,L,L,8.0,0.13397
1,5,L,L,9.0,0.16746
1,5,L,L,10.0,0.21053
1,5,L,L,11.0,0.25837
1,5,L,L,12.0,0.08612
1,5,L,L,13.0,0.00957
1,5,L,L,14.0,0.02392
1,5,L,L,15.0,0.00957
1,5,L,L,19.0,0.00478
1,5,L,R,4.0,0.0622
1,5,L,R,5.0,0.26794
1,5,L,R,6.0,0.30144
1,5,L,R,7.0,0.23445
1,5,L,R,8.0,0.05263
1,5,L,R,9.0,0.04785
1,5,L,R,10.0,0.02871
1,5,L,R,11.0,0.00478
1,6,S,L,4.0,0.00478
1,6,S,L,5.0,0.07177
1,6,S,L,6.0,0.13397
1,6,S,L,7.0,0.34928
1,6,S,L,8.0,0.1244
1,6,S,L,9.0,0.16746
1,6,S,L,10.0,0.07656
1,6,S,L,11.0,0.03349
1,6,S,L,12.0,0.00478
1,6,S,L,13.0,0.00957
1,6,S,L,14.0,0.00478
1,6,S,L,15.0,0.00957
1,6,S,L,16.0,0.00957
1,6,S,R,3.0,0.07656
1,6,S,R,4.0,0.20096
1,6,S,R,5.0,0.18182
1,6,S,R,6.0,0.11483
1,6,S,R,7.0,0.27751
1,6,S,R,8.0,0.0622
1,6,S,R,9.0,0.05742
1,6,S,R,10.0,0.00957
1,6,S,R,11.0,0.00957
1,6,S,R,12.0,0.00957
1,6,R,L,7.0,0.07656
1,6,R,L,8.0,0.16268
1,6,R,L,9.0,0.20574
1,6,R,L,10.0,0.16746
1,6,R,L,11.0,0.19617
1,6,R,L,12.0,0.11962
1,6,R,L,13.0,0.03349
1,6,R,L,14.0,0.01914
1,6,R,L,15.0,0.00478
1,6,R,L,16.0,0.00478
1,6,R,L,17.0,0.00478
1,6,R,L,18.0,0.00478
1,6,R,R,3.0,0.00478
1,6,R,R,4.0,0.02871
1,6,R,R,5.0,0.09091
1,6,R,R,6.0,0.19139
1,6,R,R,7.0,0.41148
1,6,R,R,8.0,0.11483
1,6,R,R,9.0,0.00957
1,6,R,R,10.0,0.08612
1,6,R,R,11.0,0.03828
1,6,R,R,12.0,0.01914
1,6,R,R,13.0,0.00478
1,6,L,L,7.0,0.08612
1,6,L,L,8.0,0.20096
1,6,L,L,9.0,0.29665
1,6,L,L,10.0,0.25359
1,6,L,L,11.0,0.11005
1,6,L,L,12.0,0.03828
1,6,L,L,14.0,0.00478
1,6,L,L,16.0,0.00478
1,6,L,L,20.0,0.00478
1,6,L,R,3.0,0.07656
1,6,L,R,4.0,0.12919
1,6,L,R,5.0,0.06699
1,6,L,R,6.0,0.11962
1,6,L,R,7.0,0.311
1,6,L,R,8.0,0.13397
1,6,L,R,9.0,0.0622
1,6,L,R,10.0,0.01914
1,6,L,R,11.0,0.03828
1,6,L,R,12.0,0.02871
1,6,L,R,13.0,0.00957
1,6,L,R,18.0,0.00478
1,7,S,L,3.0,0.15311
1,7,S,L,4.0,0.08134
1,7,S,L,5.0,0.04785
1,7,S,L,6.0,0.12919
1,7,S,L,7.0,0.19139
1,7,S,L,8.0,0.0622
1,7,S,L,9.0,0.09091
1,7,S,L,10.0,0.06699
1,7,S,L,11.0,0.13397
1,7,S,L,12.0,0.03828
1,7,S,L,15.0,0.00478
1,7,S,R,2.0,0.02871
1,7,S,R,3.0,0.64593
1,7,S,R,4.0,0.1244
1,7,S,R,5.0,0.03828
1,7,S,R,6.0,0.06699
1,7,S,R,7.0,0.05263
1,7,S,R,8.0,0.02392
1,7,S,R,9.0,0.00478
1,7,S,R,10.0,0.00478
1,7,S,R,11.0,0.00478
1,7,S,R,12.0,0.00478
1,7,R,L,7.0,0.00478
1,7,R,L,8.0,0.02871
1,7,R,L,9.0,0.13397
1,7,R,L,10.0,0.27751
1,7,R,L,11.0,0.35407
1,7,R,L,12.0,0.17703
1,7,R,L,13.0,0.00957
1,7,R,L,15.0,0.00478
1,7,R,L,16.0,0.00478
1,7,R,L,18.0,0.00478
1,7,R,R,5.0,0.02871
1,7,R,R,6.0,0.08134
1,7,R,R,7.0,0.32057
1,7,R,R,8.0,0.11962
1,7,R,R,9.0,0.16746
1,7,R,R,10.0,0.0622
1,7,R,R,11.0,0.13876
1,7,R,R,12.0,0.07177
1,7,R,R,16.0,0.00478
1,7,R,R,18.0,0.00478
1,7,L,L,8.0,0.11483
1,7,L,L,9.0,0.1866
1,7,L,L,10.0,0.21531
1,7,L,L,11.0,0.25359
1,7,L,L,12.0,0.08612
1,7,L,L,13.0,0.03828
1,7,L,L,14.0,0.03349
1,7,L,L,15.0,0.01435
1,7,L,L,16.0,0.02392
1,7,L,L,18.0,0.02871
1,7,L,L,20.0,0.00478
1,7,L,R,3.0,0.15311
1,7,L,R,4.0,0.04306
1,7,L,R,5.0,0.13876
1,7,L,R,6.0,0.2823
1,7,L,R,7.0,0.20574
1,7,L,R,8.0,0.06699
1,7,L,R,9.0,0.0622
1,7,L,R,10.0,0.02392
1,7,L,R,11.0,0.01435
1,7,L,R,12.0,0.00957
2,0,S,L,7.0,0.04094
2,0,S,L,8.0,0.01754
2,0,S,L,9.0,0.00585
2,0,S,L,10.0,0.0117
2,0,S,L,11.0,0.0117
2,0,S,L,12.0,0.08772
2,0,S,L,13.0,0.03509
2,0,S,L,14.0,0.02339
2,0,S,L,16.0,0.01754
2,0,S,L,17.0,0.04094
2,0,S,L,18.0,0.20468
2,0,S,L,19.0,0.20468
2,0,S,L,20.0,0.15205
2,0,S,L,21.0,0.08187
2,0,S,L,22.0,0.05848
2,0,S,L,23.0,0.00585
2,0,S,R,3.0,0.07602
2,0,S,R,4.0,0.0117
2,0,S,R,5.0,0.02339
2,0,S,R,6.0,0.03509
2,0,S,R,7.0,0.16374
2,0,S,R,8.0,0.04678
2,0,S,R,9.0,0.04678
2,0,S,R,10.0,0.02924
2,0,S,R,11.0,0.07602
2,0,S,R,12.0,0.04678
2,0,S,R,14.0,0.0117
2,0,S,R,16.0,0.07602
2,0,S,R,18.0,0.1462
2,0,S,R,19.0,0.15205
2,0,S,R,20.0,0.04094
2,0,S,R,21.0,0.00585
2,0,S,R,22.0,0.00585
2,0,S,R,23.0,0.00585
2,0,R,L,5.0,0.01316
2,0,R,L,6.0,0.06579
2,0,R,L,7.0,0.13158
2,0,R,L,8.0,0.07895
2,0,R,L,9.0,0.11842
2,0,R,L,10.0,0.17763
2,0,R,L,11.0,0.21711
2,0,R,L,12.0,0.07895
2,0,R,L,13.0,0.01316
2,0,R,L,14.0,0.01316
2,0,R,L,15.0,0.01316
2,0,R,L,16.0,0.01316
2,0,R,L,17.0,0.00658
2,0,R,L,18.0,0.02632
2,0,R,L,19.0,0.01974
2,0,R,L,20.0,0.00658
2,0,R,L,21.0,0.00658
2,0,R,R,2.0,0.00658
2,0,R,R,3.0,0.14474
2,0,R,R,4.0,0.11842
2,0,R,R,5.0,0.16447
2,0,R,R,6.0,0.18421
2,0,R,R,7.0,0.19079
2,0,R,R,8.0,0.05263
2,0,R,R,9.0,0.05921
2,0,R,R,10.0,0.01316
2,0,R,R,11.0,0.03947
2,0,R,R,12.0,0.01316
2,0,R,R,15.0,0.00658
2,0,R,R,16.0,0.00658
2,0,L,L,13.0,0.03349
2,0,L,L,14.0,0.11483
2,0,L,L,15.0,0.04306
2,0,L,L,16.0,0.04306
2,0,L,L,17.0,0.04306
2,0,L,L,18.0,0.19617
2,0,L,L,19.0,0.08134
2,0,L,L,20.0,0.16268
2,0,L,L,21.0,0.10526
2,0,L,L,22.0,0.03828
2,0,L,L,23.0,0.03349
2,0,L,L,24.0,0.02871
2,0,L,L,25.0,0.00957
2,0,L,L,27.0,0.00478
2,0,L,L,28.0,0.00957
2,0,L,L,29.0,0.01435
2,0,L,L,30.0,0.00478
2,0,L,L,31.0,0.00478
2,0,L,L,32.0,0.01435
2,0,L,L,33.0,0.00478
2,0,L,L,62.0,0.00478
2,0,L,L,67.0,0.00478
2,0,L,R,9.0,0.00478
2,0,L,R,10.0,0.01435
2,0,L,R,11.0,0.2823
2,0,L,R,12.0,0.4067
2,0,L,R,13.0,0.10526
2,0,L,R,14.0,0.07656
2,0,L,R,15.0,0.02871
2,0,L,R,16.0,0.00957
2,0,L,R,18.0,0.04306
2,0,L,R,19.0,0.00478
2,0,L,R,20.0,0.00478
2,0,L,R,21.0,0.00478
2,0,L,R,22.0,0.00478
2,0,L,R,29.0,0.00957
2,1,S,L,3.0,0.02339
2,1,S,L,4.0,0.01754
2,1,S,L,5.0,0.0117
2,1,S,L,6.0,0.01754
2,1,S,L,7.0,0.01754
2,1,S,L,8.0,0.0117
2,1,S,L,9.0,0.00585
2,1,S,L,11.0,0.00585
2,1,S,L,12.0,0.02339
2,1,S,L,13.0,0.02924
2,1,S,L,14.0,0.02924
2,1,S,L,15.0,0.07018
2,1,S,L,16.0,0.22807
2,1,S,L,17.0,0.19298
2,1,S,L,18.0,0.25146
2,1,S,L,19.0,0.0117
2,1,S,L,20.0,0.02924
2,1,S,L,21.0,0.01754
2,1,S,L,46.0,0.00585
2,1,S,R,1.0,0.00585
2,1,S,R,2.0,0.08772
2,1,S,R,3.0,0.02339
2,1,S,R,6.0,0.00585
2,1,S,R,7.0,0.05848
2,1,S,R,8.0,0.06433
2,1,S,R,9.0,0.04678
2,1,S,R,10.0,0.05263
2,1,S,R,11.0,0.08187
2,1,S,R,12.0,0.02924
2,1,S,R,13.0,0.0117
2,1,S,R,14.0,0.06433
2,1,S,R,15.0,0.02924
2,1,S,R,16.0,0.09357
2,1,S,R,17.0,0.16959
2,1,S,R,18.0,0.15789
2,1,S,R,19.0,0.0117
2,1,S,R,20.0,0.00585
2,1,R,L,4.0,0.01974
2,1,R,L,5.0,0.09211
2,1,R,L,6.0,0.07237
2,1,R,L,7.0,0.16447
2,1,R,L,8.0,0.11184
2,1,R,L,9.0,0.11842
2,1,R,L,10.0,0.07237
2,1,R,L,11.0,0.20395
2,1,R,L,12.0,0.03947
2,1,R,L,13.0,0.01316
2,1,R,L,14.0,0.00658
2,1,R,L,15.0,0.00658
2,1,R,L,16.0,0.00658
2,1,R,L,17.0,0.01316
2,1,R,L,18.0,0.01974
2,1,R,L,19.0,0.01974
2,1,R,L,20.0,0.00658
2,1,R,L,21.0,0.00658
2,1,R,L,22.0,0.00658
2,1,R,R,3.0,0.11184
2,1,R,R,4.0,0.03289
2,1,R,R,5.0,0.21711
2,1,R,R,6.0,0.19737
2,1,R,R,7.0,0.26974
2,1,R,R,8.0,0.03947
2,1,R,R,9.0,0.02632
2,1,R,R,10.0,0.01974
2,1,R,R,11.0,0.03289
2,1,R,R,12.0,0.01316
2,1,R,R,13.0,0.00658
2,1,R,R,16.0,0.00658
2,1,R,R,18.0,0.01974
2,1,R,R,20.0,0.00658
2,1,L,L,11.0,0.01435
2,1,L,L,12.0,0.1244
2,1,L,L,13.0,0.11962
2,1,L,L,14.0,0.07656
2,1,L,L,15.0,0.05263
2,1,L,L,16.0,0.01914
2,1,L,L,17.0,0.00478
2,1,L,L,18.0,0.12919
2,1,L,L,19.0,0.03349
2,1,L,L,20.0,0.11005
2,1,L,L,21.0,0.05742
2,1,L,L,22.0,0.10048
2,1,L,L,23.0,0.06699
2,1,L,L,24.0,0.02871
2,1,L,L,25.0,0.00478
2,1,L,L,26.0,0.00478
2,1,L,L,27.0,0.00957
2,1,L,L,28.0,0.00478
2,1,L,L,30.0,0.00957
2,1,L,L,32.0,0.00478
2,1,L,L,33.0,0.00957
2,1,L,L,34.0,0.00478
2,1,L,L,46.0,0.00478
2,1,L,L,66.0,0.00478
2,1,L,R,7.0,0.04785
2,1,L,R,8.0,0.11005
2,1,L,R,9.0,0.09569
2,1,L,R,10.0,0.09569
2,1,L,R,11.0,0.4067
2,1,L,R,12.0,0.13876
2,1,L,R,13.0,0.03349
2,1,L,R,14.0,0.02392
2,1,L,R,15.0,0.00478
2,1,L,R,18.0,0.00957
2,1,L,R,19.0,0.00478
2,1,L,R,20.0,0.02871
2,2,S,L,2.0,0.04678
2,2,S,L,3.0,0.00585
2,2,S,L,6.0,0.00585
2,2,S,L,7.0,0.04094
2,2,S,L,8.0,0.0117
2,2,S,L,12.0,0.02924
2,2,S,L,13.0,0.08772
2,2,S,L,14.0,0.23392
2,2,S,L,15.0,0.31579
2,2,S,L,16.0,0.09357
2,2,S,L,17.0,0.0117
2,2,S,L,18.0,0.09357
2,2,S,L,19.0,0.02339
2,2,S,R,2.0,0.03509
2,2,S,R,3.0,0.01754
2,2,S,R,5.0,0.00585
2,2,S,R,6.0,0.00585
2,2,S,R,7.0,0.09942
2,2,S,R,8.0,0.08187
2,2,S,R,9.0,0.06433
2,2,S,R,10.0,0.07602
2,2,S,R,11.0,0.04094
2,2,S,R,12.0,0.12865
2,2,S,R,13.0,0.05263
2,2,S,R,14.0,0.19883
2,2,S,R,15.0,0.14035
2,2,S,R,16.0,0.04678
2,2,S,R,17.0,0.00585
2,2,R,L,4.0,0.02339
2,2,R,L,5.0,0.03509
2,2,R,L,6.0,0.03509
2,2,R,L,7.0,0.2807
2,2,R,L,8.0,0.18129
2,2,R,L,9.0,0.14035
2,2,R,L,10.0,0.06433
2,2,R,L,11.0,0.09357
2,2,R,L,12.0,0.05263
2,2,R,L,13.0,0.0117
2,2,R,L,14.0,0.05263
2,2,R,L,15.0,0.00585
2,2,R,L,16.0,0.02339
2,2,R,R,3.0,0.02924
2,2,R,R,4.0,0.08772
2,2,R,R,5.0,0.15789
2,2,R,R,6.0,0.15205
2,2,R,R,7.0,0.25731
2,2,R,R,8.0,0.12865
2,2,R,R,9.0,0.07602
2,2,R,R,10.0,0.02924
2,2,R,R,11.0,0.02924
2,2,R,R,12.0,0.03509
2,2,R,R,13.0,0.00585
2,2,R,R,14.0,0.00585
2,2,R,R,18.0,0.00585
2,2,L,L,9.0,0.00478
2,2,L,L,10.0,0.01914
2,2,L,L,11.0,0.06699
2,2,L,L,12.0,0.32536
2,2,L,L,13.0,0.10526
2,2,L,L,14.0,0.10526
2,2,L,L,15.0,0.02871
2,2,L,L,16.0,0.02871
2,2,L,L,17.0,0.01435
2,2,L,L,18.0,0.05742
2,2,L,L,19.0,0.03349
2,2,L,L,20.0,0.04785
2,2,L,L,21.0,0.01435
2,2,L,L,22.0,0.02392
2,2,L,L,23.0,0.03828
2,2,L,L,24.0,0.02871
2,2,L,L,25.0,0.01914
2,2,L,L,26.0,0.01435
2,2,L,L,29.0,0.00478
2,2,L,L,30.0,0.00957
2,2,L,L,31.0,0.00478
2,2,L,L,62.0,0.00478
2,2,L,R,6.0,0.04306
2,2,L,R,7.0,0.07177
2,2,L,R,8.0,0.07656
2,2,L,R,9.0,0.19617
2,2,L,R,10.0,0.17703
2,2,L,R,11.0,0.29665
2,2,L,R,12.0,0.03349
2,2,L,R,13.0,0.03828
2,2,L,R,14.0,0.02871
2,2,L,R,15.0,0.01435
2,2,L,R,16.0,0.00478
2,2,L,R,17.0,0.00478
2,2,L,R,18.0,0.00957
2,2,L,R,22.0,0.00478
2,3,S,L,4.0,0.0117
2,3,S,L,6.0,0.00585
2,3,S,L,11.0,0.11696
2,3,S,L,12.0,0.39766
2,3,S,L,13.0,0.22222
2,3,S,L,14.0,0.11696
2,3,S,L,15.0,0.02924
2,3,S,L,16.0,0.04678
2,3,S,L,17.0,0.01754
2,3,S,L,18.0,0.03509
2,3,S,R,4.0,0.00585
2,3,S,R,5.0,0.0117
2,3,S,R,6.0,0.00585
2,3,S,R,7.0,0.07018
2,3,S,R,8.0,0.06433
2,3,S,R,9.0,0.07602
2,3,S,R,10.0,0.09942
2,3,S,R,11.0,0.22222
2,3,S,R,12.0,0.23977
2,3,S,R,13.0,0.1345
2,3,S,R,14.0,0.07018
2,3,R,L,4.0,0.00526
2,3,R,L,5.0,0.02105
2,3,R,L,6.0,0.03158
2,3,R,L,7.0,0.25789
2,3,R,L,8.0,0.2
2,3,R,L,9.0,0.19474
2,3,R,L,10.0,0.16316
2,3,R,L,11.0,0.07368
2,3,R,L,12.0,0.02632
2,3,R,L,13.0,0.01579
2,3,R,L,15.0,0.00526
2,3,R,L,17.0,0.00526
2,3,R,R,1.0,0.00526
2,3,R,R,2.0,0.00526
2,3,R,R,3.0,0.15789
2,3,R,R,4.0,0.09474
2,3,R,R,5.0,0.24737
2,3,R,R,6.0,0.23684
2,3,R,R,7.0,0.13684
2,3,R,R,8.0,0.02632
2,3,R,R,9.0,0.02632
2,3,R,R,10.0,0.01053
2,3,R,R,11.0,0.01579
2,3,R,R,12.0,0.01053
2,3,R,R,13.0,0.01579
2,3,R,R,18.0,0.01053
2,3,L,L,11.0,0.07177
2,3,L,L,12.0,0.53589
2,3,L,L,13.0,0.20096
2,3,L,L,14.0,0.04785
2,3,L,L,15.0,0.01914
2,3,L,L,16.0,0.00478
2,3,L,L,17.0,0.00957
2,3,L,L,18.0,0.03349
2,3,L,L,19.0,0.00957
2,3,L,L,20.0,0.01435
2,3,L,L,21.0,0.00957
2,3,L,L,22.0,0.00478
2,3,L,L,23.0,0.00478
2,3,L,L,24.0,0.00478
2,3,L,L,25.0,0.00478
2,3,L,L,26.0,0.00478
2,3,L,L,27.0,0.00478
2,3,L,L,28.0,0.00957
2,3,L,L,31.0,0.00478
2,3,L,R,3.0,0.00478
2,3,L,R,6.0,0.00478
2,3,L,R,7.0,0.09569
2,3,L,R,8.0,0.10048
2,3,L,R,9.0,0.1244
2,3,L,R,10.0,0.1866
2,3,L,R,11.0,0.27751
2,3,L,R,12.0,0.18182
2,3,L,R,13.0,0.01435
2,3,L,R,14.0,0.00957
2,4,S,L,8.0,0.00585
2,4,S,L,9.0,0.12281
2,4,S,L,10.0,0.25731
2,4,S,L,11.0,0.32164
2,4,S,L,12.0,0.19883
2,4,S,L,13.0,0.02339
2,4,S,L,14.0,0.01754
2,4,S,L,15.0,0.00585
2,4,S,L,16.0,0.02924
2,4,S,L,17.0,0.00585
2,4,S,L,18.0,0.0117
2,4,S,R,5.0,0.02339
2,4,S,R,6.0,0.02339
2,4,S,R,7.0,0.21637
2,4,S,R,8.0,0.14035
2,4,S,R,9.0,0.1345
2,4,S,R,10.0,0.11111
2,4,S,R,11.0,0.25146
2,4,S,R,12.0,0.07018
2,4,S,R,13.0,0.00585
2,4,S,R,14.0,0.0117
2,4,S,R,15.0,0.0117
2,4,R,L,5.0,0.04785
2,4,R,L,6.0,0.10526
2,4,R,L,7.0,0.38278
2,4,R,L,8.0,0.09569
2,4,R,L,9.0,0.08134
2,4,R,L,10.0,0.04306
2,4,R,L,11.0,0.08612
2,4,R,L,12.0,0.0622
2,4,R,L,13.0,0.03349
2,4,R,L,14.0,0.03349
2,4,R,L,15.0,0.01435
2,4,R,L,16.0,0.00478
2,4,R,L,19.0,0.00957
2,4,R,R,3.0,0.13397
2,4,R,R,4.0,0.21531
2,4,R,R,5.0,0.16746
2,4,R,R,6.0,0.18182
2,4,R,R,7.0,0.20574
2,4,R,R,8.0,0.02392
2,4,R,R,9.0,0.01435
2,4,R,R,10.0,0.01435
2,4,R,R,11.0,0.01435
2,4,R,R,12.0,0.01435
2,4,R,R,13.0,0.00478
2,4,R,R,15.0,0.00478
2,4,R,R,16.0,0.00478
2,4,L,L,10.0,0.00957
2,4,L,L,11.0,0.33971
2,4,L,L,12.0,0.41148
2,4,L,L,13.0,0.07177
2,4,L,L,14.0,0.05263
2,4,L,L,15.0,0.03828
2,4,L,L,16.0,0.00957
2,4,L,L,17.0,0.00478
2,4,L,L,18.0,0.00957
2,4,L,L,19.0,0.00478
2,4,L,L,20.0,0.01435
2,4,L,L,21.0,0.01435
2,4,L,L,22.0,0.00478
2,4,L,L,26.0,0.00478
2,4,L,L,27.0,0.00478
2,4,L,L,29.0,0.00478
2,4,L,R,6.0,0.02871
2,4,L,R,7.0,0.1244
2,4,L,R,8.0,0.19139
2,4,L,R,9.0,0.27751
2,4,L,R,10.0,0.23445
2,4,L,R,11.0,0.1244
2,4,L,R,12.0,0.01914
2,5,S,L,6.0,0.0117
2,5,S,L,7.0,0.16959
2,5,S,L,8.0,0.14035
2,5,S,L,9.0,0.24561
2,5,S,L,10.0,0.14035
2,5,S,L,11.0,0.20468
2,5,S,L,12.0,0.04678
2,5,S,L,13.0,0.02339
2,5,S,L,14.0,0.00585
2,5,S,L,15.0,0.00585
2,5,S,L,20.0,0.00585
2,5,S,R,3.0,0.02924
2,5,S,R,4.0,0.03509
2,5,S,R,5.0,0.09357
2,5,S,R,6.0,0.21637
2,5,S,R,7.0,0.27485
2,5,S,R,8.0,0.06433
2,5,S,R,9.0,0.07602
2,5,S,R,10.0,0.07602
2,5,S,R,11.0,0.09942
2,5,S,R,12.0,0.02924
2,5,S,R,13.0,0.00585
2,5,R,L,3.0,0.14354
2,5,R,L,4.0,0.01914
2,5,R,L,5.0,0.06699
2,5,R,L,6.0,0.07177
2,5,R,L,7.0,0.2488
2,5,R,L,8.0,0.11005
2,5,R,L,9.0,0.09569
2,5,R,L,10.0,0.11005
2,5,R,L,11.0,0.07656
2,5,R,L,12.0,0.05263
2,5,R,L,13.0,0.00478
2,5,R,R,3.0,0.2201
2,5,R,R,4.0,0.20096
2,5,R,R,5.0,0.15311
2,5,R,R,6.0,0.14354
2,5,R,R,7.0,0.15311
2,5,R,R,8.0,0.03828
2,5,R,R,9.0,0.03828
2,5,R,R,10.0,0.01435
2,5,R,R,11.0,0.00478
2,5,R,R,12.0,0.01435
2,5,R,R,13.0,0.00957
2,5,R,R,14.0,0.00957
2,5,L,L,10.0,0.03828
2,5,L,L,11.0,0.29187
2,5,L,L,12.0,0.51675
2,5,L,L,13.0,0.07656
2,5,L,L,14.0,0.03349
2,5,L,L,15.0,0.01435
2,5,L,L,16.0,0.00478
2,5,L,L,18.0,0.00957
2,5,L,L,20.0,0.00478
2,5,L,L,21.0,0.00478
2,5,L,L,22.0,0.00478
2,5,L,R,6.0,0.04785
2,5,L,R,7.0,0.21053
2,5,L,R,8.0,0.17225
2,5,L,R,9.0,0.20096
2,5,L,R,10.0,0.16746
2,5,L,R,11.0,0.09569
2,5,L,R,12.0,0.09569
2,5,L,R,13.0,0.00957
2,6,S,L,4.0,0.02924
2,6,S,L,5.0,0.04678
2,6,S,L,6.0,0.07602
2,6,S,L,7.0,0.39181
2,6,S,L,8.0,0.22222
2,6,S,L,9.0,0.09357
2,6,S,L,10.0,0.07018
2,6,S,L,11.0,0.03509
2,6,S,L,12.0,0.02924
2,6,S,L,15.0,0.00585
2,6,S,R,3.0,0.26316
2,6,S,R,4.0,0.25146
2,6,S,R,5.0,0.1462
2,6,S,R,6.0,0.1462
2,6,S,R,7.0,0.15205
2,6,S,R,8.0,0.01754
2,6,S,R,9.0,0.00585
2,6,S,R,12.0,0.01754
2,6,R,L,4.0,0.00478
2,6,R,L,5.0,0.03828
2,6,R,L,6.0,0.01435
2,6,R,L,7.0,0.36364
2,6,R,L,8.0,0.2201
2,6,R,L,9.0,0.16746
2,6,R,L,10.0,0.07656
2,6,R,L,11.0,0.10048
2,6,R,L,12.0,0.00478
2,6,R,L,14.0,0.00478
2,6,R,L,16.0,0.00478
2,6,R,R,0.0,0.00478
2,6,R,R,3.0,0.20574
2,6,R,R,4.0,0.18182
2,6,R,R,5.0,0.17225
2,6,R,R,6.0,0.17703
2,6,R,R,7.0,0.16746
2,6,R,R,8.0,0.03349
2,6,R,R,9.0,0.03349
2,6,R,R,10.0,0.00957
2,6,R,R,11.0,0.00957
2,6,R,R,12.0,0.00478
2,6,L,L,7.0,0.01435
2,6,L,L,8.0,0.02392
2,6,L,L,9.0,0.08612
2,6,L,L,10.0,0.14833
2,6,L,L,11.0,0.42584
2,6,L,L,12.0,0.2488
2,6,L,L,13.0,0.02392
2,6,L,L,14.0,0.00957
2,6,L,L,15.0,0.01435
2,6,L,L,16.0,0.00478
2,6,L,R,4.0,0.01914
2,6,L,R,5.0,0.04306
2,6,L,R,6.0,0.05742
2,6,L,R,7.0,0.17225
2,6,L,R,8.0,0.12919
2,6,L,R,9.0,0.11962
2,6,L,R,10.0,0.05742
2,6,L,R,11.0,0.22967
2,6,L,R,12.0,0.11962
2,6,L,R,13.0,0.00957
2,6,L,R,14.0,0.02871
2,6,L,R,18.0,0.00957
2,6,L,R,24.0,0.00478
2,7,S,L,3.0,0.4269
2,7,S,L,4.0,0.06433
2,7,S,L,5.0,0.11696
2,7,S,L,6.0,0.15789
2,7,S,L,7.0,0.18129
2,7,S,L,8.0,0.02924
2,7,S,L,9.0,0.00585
2,7,S,L,10.0,0.00585
2,7,S,L,11.0,0.00585
2,7,S,L,12.0,0.00585
2,7,S,R,2.0,0.09357
2,7,S,R,3.0,0.70175
2,7,S,R,4.0,0.09357
2,7,S,R,5.0,0.04678
2,7,S,R,6.0,0.03509
2,7,S,R,7.0,0.02924
2,7,R,L,4.0,0.06699
2,7,R,L,5.0,0.08134
2,7,R,L,6.0,0.08134
2,7,R,L,7.0,0.30144
2,7,R,L,8.0,0.19139
2,7,R,L,9.0,0.12919
2,7,R,L,10.0,0.10526
2,7,R,L,11.0,0.03349
2,7,R,L,12.0,0.00957
2,7,R,R,3.0,0.08134
2,7,R,R,4.0,0.15311
2,7,R,R,5.0,0.23923
2,7,R,R,6.0,0.11005
2,7,R,R,7.0,0.2201
2,7,R,R,8.0,0.02871
2,7,R,R,9.0,0.03349
2,7,R,R,10.0,0.02392
2,7,R,R,11.0,0.05263
2,7,R,R,12.0,0.02871
2,7,R,R,13.0,0.01435
2,7,R,R,14.0,0.00957
2,7,R,R,16.0,0.00478
2,7,L,L,7.0,0.03828
2,7,L,L,8.0,0.01435
2,7,L,L,9.0,0.01914
2,7,L,L,10.0,0.01914
2,7,L,L,11.0,0.311
2,7,L,L,12.0,0.39234
2,7,L,L,13.0,0.09569
2,7,L,L,14.0,0.04785
2,7,L,L,15.0,0.03349
2,7,L,L,16.0,0.02392
2,7,L,L,17.0,0.00478
2,7,L,R,3.0,0.02871
2,7,L,R,4.0,0.04785
2,7,L,R,5.0,0.02392
2,7,L,R,6.0,0.04306
2,7,L,R,7.0,0.15789
2,7,L,R,8.0,0.14354
2,7,L,R,9.0,0.10048
2,7,L,R,10.0,0.12919
2,7,L,R,11.0,0.22488
2,7,L,R,12.0,0.08134
2,7,L,R,13.0,0.00957
2,7,L,R,14.0,0.00478
2,7,L,R,16.0,0.00478
3,0,S,L,13.0,0.00585
3,0,S,L,14.0,0.01754
3,0,S,L,15.0,0.04094
3,0,S,L,16.0,0.09942
3,0,S,L,17.0,0.07602
3,0,S,L,18.0,0.40351
3,0,S,L,19.0,0.18129
3,0,S,L,20.0,0.06433
3,0,S,L,21.0,0.02924
3,0,S,L,22.0,0.03509
3,0,S,L,23.0,0.04678
3,0,S,R,5.0,0.00585
3,0,S,R,6.0,0.02924
3,0,S,R,7.0,0.12865
3,0,S,R,8.0,0.06433
3,0,S,R,9.0,0.02339
3,0,S,R,10.0,0.04678
3,0,S,R,11.0,0.07018
3,0,S,R,12.0,0.07018
3,0,S,R,13.0,0.00585
3,0,S,R,14.0,0.0117
3,0,S,R,15.0,0.10526
3,0,S,R,16.0,0.05263
3,0,S,R,17.0,0.05263
3,0,S,R,18.0,0.16959
3,0,S,R,19.0,0.14035
3,0,S,R,20.0,0.0117
3,0,S,R,21.0,0.00585
3,0,S,R,41.0,0.00585
3,0,R,L,3.0,0.21053
3,0,R,L,4.0,0.04605
3,0,R,L,5.0,0.04605
3,0,R,L,6.0,0.14474
3,0,R,L,7.0,0.15789
3,0,R,L,8.0,0.07237
3,0,R,L,9.0,0.06579
3,0,R,L,10.0,0.03289
3,0,R,L,11.0,0.02632
3,0,R,L,12.0,0.06579
3,0,R,L,13.0,0.01974
3,0,R,L,14.0,0.03289
3,0,R,L,15.0,0.01316
3,0,R,L,16.0,0.01316
3,0,R,L,18.0,0.01974
3,0,R,L,19.0,0.02632
3,0,R,L,20.0,0.00658
3,0,R,R,2.0,0.05921
3,0,R,R,3.0,0.55263
3,0,R,R,4.0,0.09211
3,0,R,R,5.0,0.10526
3,0,R,R,6.0,0.06579
3,0,R,R,7.0,0.07237
3,0,R,R,8.0,0.01316
3,0,R,R,9.0,0.01316
3,0,R,R,10.0,0.00658
3,0,R,R,11.0,0.00658
3,0,R,R,14.0,0.01316
3,0,L,L,32.0,0.00957
3,0,L,L,33.0,0.00478
3,0,L,L,34.0,0.00957
3,0,L,L,70.0,0.00478
3,0,L,L,38.0,0.00478
3,0,L,L,37.0,0.00478
3,0,L,L,16.0,0.02871
3,0,L,L,17.0,0.03349
3,0,L,L,18.0,0.2823
3,0,L,L,19.0,0.16746
3,0,L,L,20.0,0.16746
3,0,L,L,21.0,0.10048
3,0,L,L,22.0,0.08612
3,0,L,L,23.0,0.01435
3,0,L,L,24.0,0.03349
3,0,L,L,25.0,0.00957
3,0,L,L,26.0,0.00478
3,0,L,L,27.0,0.00957
3,0,L,L,29.0,0.00957
3,0,L,L,30.0,0.00478
3,0,L,L,31.0,0.00957
3,0,L,R,72.0,0.00478
3,0,L,R,10.0,0.00478
3,0,L,R,11.0,0.02392
3,0,L,R,12.0,0.05263
3,0,L,R,13.0,0.07177
3,0,L,R,14.0,0.39713
3,0,L,R,15.0,0.21531
3,0,L,R,16.0,0.04785
3,0,L,R,17.0,0.01435
3,0,L,R,18.0,0.08134
3,0,L,R,19.0,0.00957
3,0,L,R,20.0,0.00478
3,0,L,R,21.0,0.00478
3,0,L,R,22.0,0.01914
3,0,L,R,23.0,0.01435
3,0,L,R,24.0,0.00957
3,0,L,R,25.0,0.01435
3,0,L,R,26.0,0.00478
3,0,L,R,63.0,0.00478
3,1,S,L,14.0,0.01754
3,1,S,L,15.0,0.05263
3,1,S,L,16.0,0.31579
3,1,S,L,17.0,0.25731
3,1,S,L,18.0,0.31579
3,1,S,L,19.0,0.02339
3,1,S,L,20.0,0.0117
3,1,S,L,21.0,0.00585
3,1,S,R,5.0,0.00585
3,1,S,R,6.0,0.06433
3,1,S,R,7.0,0.23392
3,1,S,R,8.0,0.08772
3,1,S,R,9.0,0.08187
3,1,S,R,10.0,0.06433
3,1,S,R,11.0,0.03509
3,1,S,R,12.0,0.0117
3,1,S,R,13.0,0.02339
3,1,S,R,14.0,0.04678
3,1,S,R,15.0,0.02924
3,1,S,R,16.0,0.07602
3,1,S,R,17.0,0.12865
3,1,S,R,18.0,0.11111
3,1,R,L,3.0,0.11842
3,1,R,L,4.0,0.07237
3,1,R,L,5.0,0.09211
3,1,R,L,6.0,0.09868
3,1,R,L,7.0,0.32237
3,1,R,L,8.0,0.11184
3,1,R,L,9.0,0.07895
3,1,R,L,10.0,0.02632
3,1,R,L,11.0,0.05921
3,1,R,L,12.0,0.01974
3,1,R,R,2.0,0.01974
3,1,R,R,3.0,0.31579
3,1,R,R,4.0,0.18421
3,1,R,R,5.0,0.10526
3,1,R,R,6.0,0.125
3,1,R,R,7.0,0.09868
3,1,R,R,8.0,0.03289
3,1,R,R,9.0,0.01974
3,1,R,R,10.0,0.03947
3,1,R,R,12.0,0.03289
3,1,R,R,13.0,0.01974
3,1,R,R,14.0,0.00658
3,1,L,L,35.0,0.00478
3,1,L,L,67.0,0.00478
3,1,L,L,13.0,0.02871
3,1,L,L,14.0,0.10048
3,1,L,L,15.0,0.01914
3,1,L,L,16.0,0.03828
3,1,L,L,17.0,0.03828
3,1,L,L,18.0,0.22488
3,1,L,L,19.0,0.08134
3,1,L,L,20.0,0.0622
3,1,L,L,21.0,0.10526
3,1,L,L,22.0,0.11005
3,1,L,L,23.0,0.05263
3,1,L,L,24.0,0.08612
3,1,L,L,25.0,0.00957
3,1,L,L,27.0,0.02392
3,1,L,L,30.0,0.00957
3,1,L,R,8.0,0.00478
3,1,L,R,9.0,0.02871
3,1,L,R,10.0,0.02871
3,1,L,R,11.0,0.07656
3,1,L,R,12.0,0.36364
3,1,L,R,13.0,0.17703
3,1,L,R,14.0,0.09569
3,1,L,R,15.0,0.02392
3,1,L,R,16.0,0.0622
3,1,L,R,17.0,0.00957
3,1,L,R,18.0,0.04785
3,1,L,R,19.0,0.00957
3,1,L,R,21.0,0.00478
3,1,L,R,22.0,0.03349
3,1,L,R,23.0,0.02871
3,1,L,R,24.0,0.00478
3,2,S,L,12.0,0.00585
3,2,S,L,13.0,0.08187
3,2,S,L,14.0,0.38596
3,2,S,L,15.0,0.35088
3,2,S,L,16.0,0.10526
3,2,S,L,17.0,0.02339
3,2,S,L,18.0,0.03509
3,2,S,L,19.0,0.0117
3,2,S,R,5.0,0.0117
3,2,S,R,6.0,0.01754
3,2,S,R,7.0,0.14035
3,2,S,R,8.0,0.08187
3,2,S,R,9.0,0.03509
3,2,S,R,10.0,0.03509
3,2,S,R,11.0,0.07602
3,2,S,R,12.0,0.15205
3,2,S,R,13.0,0.02924
3,2,S,R,14.0,0.22807
3,2,S,R,15.0,0.15789
3,2,S,R,16.0,0.02339
3,2,S,R,18.0,0.00585
3,2,S,R,22.0,0.00585
3,2,R,L,3.0,0.07692
3,2,R,L,4.0,0.08242
3,2,R,L,5.0,0.13187
3,2,R,L,6.0,0.10989
3,2,R,L,7.0,0.30769
3,2,R,L,8.0,0.11538
3,2,R,L,9.0,0.09341
3,2,R,L,10.0,0.02198
3,2,R,L,11.0,0.02198
3,2,R,L,12.0,0.02198
3,2,R,L,13.0,0.00549
3,2,R,L,15.0,0.00549
3,2,R,L,18.0,0.00549
3,2,R,R,2.0,0.03297
3,2,R,R,3.0,0.48352
3,2,R,R,4.0,0.10989
3,2,R,R,5.0,0.13187
3,2,R,R,6.0,0.0989
3,2,R,R,7.0,0.10989
3,2,R,R,8.0,0.01648
3,2,R,R,11.0,0.00549
3,2,R,R,12.0,0.01099
3,2,L,L,11.0,0.06699
3,2,L,L,12.0,0.01914
3,2,L,L,13.0,0.04785
3,2,L,L,14.0,0.16746
3,2,L,L,15.0,0.05742
3,2,L,L,16.0,0.14833
3,2,L,L,17.0,0.04306
3,2,L,L,18.0,0.17225
3,2,L,L,19.0,0.03828
3,2,L,L,20.0,0.02871
3,2,L,L,21.0,0.04306
3,2,L,L,22.0,0.05742
3,2,L,L,23.0,0.03349
3,2,L,L,24.0,0.05742
3,2,L,L,25.0,0.00957
3,2,L,L,27.0,0.00478
3,2,L,L,28.0,0.00478
3,2,L,R,8.0,0.03349
3,2,L,R,9.0,0.04785
3,2,L,R,10.0,0.03828
3,2,L,R,11.0,0.15311
3,2,L,R,12.0,0.40191
3,2,L,R,13.0,0.2201
3,2,L,R,14.0,0.04785
3,2,L,R,15.0,0.00957
3,2,L,R,16.0,0.01914
3,2,L,R,18.0,0.02392
3,2,L,R,20.0,0.00478
3,3,S,L,11.0,0.02339
3,3,S,L,12.0,0.16959
3,3,S,L,13.0,0.37427
3,3,S,L,14.0,0.26316
3,3,S,L,15.0,0.08772
3,3,S,L,16.0,0.02339
3,3,S,L,17.0,0.0117
3,3,S,L,18.0,0.03509
3,3,S,L,19.0,0.00585
3,3,S,L,20.0,0.00585
3,3,S,R,6.0,0.01754
3,3,S,R,7.0,0.09357
3,3,S,R,8.0,0.08187
3,3,S,R,9.0,0.06433
3,3,S,R,10.0,0.04094
3,3,S,R,11.0,0.1462
3,3,S,R,12.0,0.25731
3,3,S,R,13.0,0.17544
3,3,S,R,14.0,0.08187
3,3,S,R,15.0,0.01754
3,3,S,R,16.0,0.00585
3,3,S,R,17.0,0.00585
3,3,S,R,18.0,0.00585
3,3,S,R,26.0,0.00585
3,3,R,L,3.0,0.07895
3,3,R,L,4.0,0.06316
3,3,R,L,5.0,0.08947
3,3,R,L,6.0,0.10526
3,3,R,L,7.0,0.32632
3,3,R,L,8.0,0.13684
3,3,R,L,9.0,0.07895
3,3,R,L,10.0,0.06316
3,3,R,L,11.0,0.02105
3,3,R,L,12.0,0.01579
3,3,R,L,13.0,0.01053
3,3,R,L,14.0,0.00526
3,3,R,L,15.0,0.00526
3,3,R,R,2.0,0.07895
3,3,R,R,3.0,0.46842
3,3,R,R,4.0,0.16842
3,3,R,R,5.0,0.07368
3,3,R,R,6.0,0.10526
3,3,R,R,7.0,0.07368
3,3,R,R,8.0,0.00526
3,3,R,R,9.0,0.01053
3,3,R,R,11.0,0.01579
3,3,L,L,33.0,0.00478
3,3,L,L,12.0,0.00478
3,3,L,L,13.0,0.0622
3,3,L,L,14.0,0.66507
3,3,L,L,15.0,0.12919
3,3,L,L,16.0,0.04306
3,3,L,L,17.0,0.00478
3,3,L,L,18.0,0.03828
3,3,L,L,19.0,0.00478
3,3,L,L,20.0,0.00478
3,3,L,L,25.0,0.02392
3,3,L,L,26.0,0.00478
3,3,L,L,28.0,0.00478
3,3,L,L,30.0,0.00478
3,3,L,R,9.0,0.00478
3,3,L,R,10.0,0.05263
3,3,L,R,11.0,0.17703
3,3,L,R,12.0,0.42584
3,3,L,R,13.0,0.24402
3,3,L,R,14.0,0.0622
3,3,L,R,15.0,0.01435
3,3,L,R,16.0,0.00478
3,3,L,R,17.0,0.00957
3,3,L,R,18.0,0.00478
3,4,S,L,8.0,0.0117
3,4,S,L,9.0,0.05263
3,4,S,L,10.0,0.15205
3,4,S,L,11.0,0.36842
3,4,S,L,12.0,0.27485
3,4,S,L,13.0,0.09357
3,4,S,L,14.0,0.01754
3,4,S,L,15.0,0.01754
3,4,S,L,16.0,0.00585
3,4,S,L,17.0,0.00585
3,4,S,R,5.0,0.00585
3,4,S,R,6.0,0.02924
3,4,S,R,7.0,0.20468
3,4,S,R,8.0,0.11696
3,4,S,R,9.0,0.09357
3,4,S,R,10.0,0.19298
3,4,S,R,11.0,0.18713
3,4,S,R,12.0,0.12865
3,4,S,R,13.0,0.02924
3,4,S,R,16.0,0.00585
3,4,S,R,17.0,0.00585
3,4,R,L,3.0,0.25837
3,4,R,L,4.0,0.14354
3,4,R,L,5.0,0.07177
3,4,R,L,6.0,0.06699
3,4,R,L,7.0,0.24402
3,4,R,L,8.0,0.05263
3,4,R,L,9.0,0.04306
3,4,R,L,10.0,0.01914
3,4,R,L,11.0,0.07177
3,4,R,L,12.0,0.01914
3,4,R,L,13.0,0.00478
3,4,R,L,14.0,0.00478
3,4,R,R,2.0,0.07656
3,4,R,R,3.0,0.74163
3,4,R,R,4.0,0.09569
3,4,R,R,5.0,0.04785
3,4,R,R,6.0,0.01914
3,4,R,R,7.0,0.00478
3,4,R,R,9.0,0.00478
3,4,R,R,12.0,0.00957
3,4,L,L,12.0,0.09569
3,4,L,L,13.0,0.25359
3,4,L,L,14.0,0.43541
3,4,L,L,15.0,0.10526
3,4,L,L,16.0,0.0622
3,4,L,L,17.0,0.02392
3,4,L,L,18.0,0.00478
3,4,L,L,19.0,0.00957
3,4,L,L,21.0,0.00478
3,4,L,L,29.0,0.00478
3,4,L,R,7.0,0.00478
3,4,L,R,8.0,0.03828
3,4,L,R,9.0,0.02871
3,4,L,R,10.0,0.02871
3,4,L,R,11.0,0.22488
3,4,L,R,12.0,0.49282
3,4,L,R,13.0,0.17225
3,4,L,R,14.0,0.00957
3,5,S,L,7.0,0.06433
3,5,S,L,8.0,0.11111
3,5,S,L,9.0,0.19883
3,5,S,L,10.0,0.21637
3,5,S,L,11.0,0.18713
3,5,S,L,12.0,0.14035
3,5,S,L,13.0,0.03509
3,5,S,L,14.0,0.0117
3,5,S,L,15.0,0.0117
3,5,S,L,16.0,0.01754
3,5,S,L,17.0,0.00585
3,5,S,R,3.0,0.0117
3,5,S,R,4.0,0.02924
3,5,S,R,5.0,0.08187
3,5,S,R,6.0,0.09357
3,5,S,R,7.0,0.34503
3,5,S,R,8.0,0.12865
3,5,S,R,9.0,0.12281
3,5,S,R,10.0,0.05848
3,5,S,R,11.0,0.07602
3,5,S,R,12.0,0.04678
3,5,S,R,13.0,0.00585
3,5,R,L,3.0,0.21053
3,5,R,L,4.0,0.11483
3,5,R,L,5.0,0.13876
3,5,R,L,6.0,0.14354
3,5,R,L,7.0,0.14354
3,5,R,L,8.0,0.04306
3,5,R,L,9.0,0.07177
3,5,R,L,10.0,0.04306
3,5,R,L,11.0,0.05742
3,5,R,L,12.0,0.02871
3,5,R,L,14.0,0.00478
3,5,R,R,2.0,0.14354
3,5,R,R,3.0,0.57416
3,5,R,R,4.0,0.07656
3,5,R,R,5.0,0.11005
3,5,R,R,6.0,0.02871
3,5,R,R,7.0,0.05263
3,5,R,R,8.0,0.00478
3,5,R,R,13.0,0.00478
3,5,R,R,14.0,0.00478
3,5,L,L,25.0,0.00478
3,5,L,L,12.0,0.00478
3,5,L,L,13.0,0.2488
3,5,L,L,14.0,0.46411
3,5,L,L,15.0,0.1244
3,5,L,L,16.0,0.03349
3,5,L,L,17.0,0.00478
3,5,L,L,18.0,0.03828
3,5,L,L,19.0,0.01435
3,5,L,L,52.0,0.00478
3,5,L,L,21.0,0.00478
3,5,L,L,22.0,0.00957
3,5,L,L,23.0,0.00957
3,5,L,L,20.0,0.03349
3,5,L,R,7.0,0.00478
3,5,L,R,8.0,0.00957
3,5,L,R,9.0,0.04306
3,5,L,R,10.0,0.11962
3,5,L,R,11.0,0.22488
3,5,L,R,12.0,0.42584
3,5,L,R,13.0,0.03828
3,5,L,R,14.0,0.12919
3,5,L,R,15.0,0.00478
3,6,S,L,3.0,0.01754
3,6,S,L,4.0,0.01754
3,6,S,L,5.0,0.02924
3,6,S,L,6.0,0.04094
3,6,S,L,7.0,0.33333
3,6,S,L,8.0,0.23977
3,6,S,L,9.0,0.10526
3,6,S,L,10.0,0.10526
3,6,S,L,11.0,0.09357
3,6,S,L,12.0,0.01754
3,6,S,R,3.0,0.09942
3,6,S,R,4.0,0.11111
3,6,S,R,5.0,0.22222
3,6,S,R,6.0,0.19298
3,6,S,R,7.0,0.21637
3,6,S,R,8.0,0.05263
3,6,S,R,9.0,0.0117
3,6,S,R,10.0,0.02924
3,6,S,R,11.0,0.01754
3,6,S,R,12.0,0.02924
3,6,S,R,13.0,0.0117
3,6,S,R,16.0,0.00585
3,6,R,L,2.0,0.02392
3,6,R,L,3.0,0.1866
3,6,R,L,4.0,0.05742
3,6,R,L,5.0,0.09569
3,6,R,L,6.0,0.16268
3,6,R,L,7.0,0.30144
3,6,R,L,8.0,0.07177
3,6,R,L,9.0,0.04306
3,6,R,L,10.0,0.00478
3,6,R,L,11.0,0.03349
3,6,R,L,12.0,0.00957
3,6,R,L,13.0,0.00478
3,6,R,L,14.0,0.00478
3,6,R,R,2.0,0.05263
3,6,R,R,3.0,0.72249
3,6,R,R,4.0,0.17225
3,6,R,R,5.0,0.03828
3,6,R,R,6.0,0.00957
3,6,R,R,11.0,0.00478
3,6,L,L,76.0,0.00478
3,6,L,L,10.0,0.00478
3,6,L,L,11.0,0.07656
3,6,L,L,12.0,0.02871
3,6,L,L,13.0,0.29665
3,6,L,L,14.0,0.49761
3,6,L,L,15.0,0.04306
3,6,L,L,17.0,0.00478
3,6,L,L,18.0,0.00957
3,6,L,L,19.0,0.01435
3,6,L,L,20.0,0.00478
3,6,L,L,24.0,0.00478
3,6,L,L,25.0,0.00478
3,6,L,L,31.0,0.00478
3,6,L,R,6.0,0.00478
3,6,L,R,7.0,0.09569
3,6,L,R,8.0,0.14354
3,6,L,R,9.0,0.1244
3,6,L,R,10.0,0.03828
3,6,L,R,11.0,0.13876
3,6,L,R,12.0,0.20574
3,6,L,R,13.0,0.09091
3,6,L,R,14.0,0.05263
3,6,L,R,15.0,0.05263
3,6,L,R,16.0,0.03349
3,6,L,R,17.0,0.01435
3,6,L,R,18.0,0.00478
3,7,S,L,3.0,0.38596
3,7,S,L,4.0,0.05848
3,7,S,L,5.0,0.04678
3,7,S,L,6.0,0.09942
3,7,S,L,7.0,0.22222
3,7,S,L,8.0,0.05848
3,7,S,L,9.0,0.04678
3,7,S,L,10.0,0.04678
3,7,S,L,11.0,0.02339
3,7,S,L,12.0,0.00585
3,7,S,L,16.0,0.00585
3,7,S,R,2.0,0.10526
3,7,S,R,3.0,0.52047
3,7,S,R,4.0,0.09357
3,7,S,R,5.0,0.08187
3,7,S,R,6.0,0.03509
3,7,S,R,7.0,0.10526
3,7,S,R,8.0,0.0117
3,7,S,R,9.0,0.02339
3,7,S,R,10.0,0.01754
3,7,S,R,11.0,0.00585
3,7,R,L,3.0,0.1244
3,7,R,L,4.0,0.1866
3,7,R,L,5.0,0.14833
3,7,R,L,6.0,0.08134
3,7,R,L,7.0,0.27751
3,7,R,L,8.0,0.05263
3,7,R,L,9.0,0.04785
3,7,R,L,10.0,0.03349
3,7,R,L,11.0,0.03828
3,7,R,L,12.0,0.00957
3,7,R,R,2.0,0.01435
3,7,R,R,3.0,0.60287
3,7,R,R,196.0,0.00478
3,7,R,R,5.0,0.08134
3,7,R,R,6.0,0.04306
3,7,R,R,7.0,0.0622
3,7,R,R,8.0,0.00478
3,7,R,R,4.0,0.1866
3,7,L,L,8.0,0.02871
3,7,L,L,9.0,0.02871
3,7,L,L,10.0,0.02392
3,7,L,L,11.0,0.00957
3,7,L,L,12.0,0.08612
3,7,L,L,13.0,0.27273
3,7,L,L,14.0,0.23923
3,7,L,L,15.0,0.08612
3,7,L,L,16.0,0.16746
3,7,L,L,17.0,0.03828
3,7,L,L,18.0,0.01914
3,7,L,R,6.0,0.04306
3,7,L,R,7.0,0.1244
3,7,L,R,8.0,0.0622
3,7,L,R,9.0,0.0622
3,7,L,R,10.0,0.07177
3,7,L,R,11.0,0.15789
3,7,L,R,12.0,0.311
3,7,L,R,13.0,0.08134
3,7,L,R,14.0,0.07177
3,7,L,R,15.0,0.00957
3,7,L,R,16.0,0.00478
